theme,approach,fold,wss95,wss95_threshold,roc_auc,best_f1,best_f1_threshold,precision_at_best_f1,recall_at_best_f1,n,n_errors,mean_latency_s,calibrated_recall,calibrated_precision,calibrated_excluded,calibrated_missed
games,gemma2:2b/few-shot-random,1,-0.050000000000000044,1.0,0.5,0.5333333333333333,1.0,0.36363636363636365,1.0,55,0,4.92,,,,
games,gemma2:2b/few-shot-random,2,-0.050000000000000044,1.0,0.5,0.6969696969696969,1.0,0.5348837209302325,1.0,43,0,4.94,,,,
games,gemma2:2b/few-shot-random,3,-0.050000000000000044,1.0,0.5,0.5454545454545454,1.0,0.375,1.0,40,0,4.55,,,,
games,gemma2:2b/few-shot-similar,1,-0.050000000000000044,1.0,0.5,0.5333333333333333,1.0,0.36363636363636365,1.0,55,0,4.91,,,,
games,gemma2:2b/few-shot-similar,2,-0.050000000000000044,1.0,0.5,0.6969696969696969,1.0,0.5348837209302325,1.0,43,0,4.98,,,,
games,gemma2:2b/few-shot-similar,3,-0.050000000000000044,1.0,0.5,0.5454545454545454,1.0,0.375,1.0,40,0,5.03,,,,
games,gemma2:2b/zero-shot,1,0.004545454545454498,5.0,0.5428571428571429,0.5555555555555556,5.0,0.38461538461538464,1.0,55,0,3.74,,,,
games,gemma2:2b/zero-shot,2,-0.050000000000000044,1.0,0.5,0.6969696969696969,1.0,0.5348837209302325,1.0,43,0,3.56,,,,
games,gemma2:2b/zero-shot,3,-0.050000000000000044,1.0,0.5266666666666666,0.5490196078431373,3.0,0.3888888888888889,0.9333333333333333,40,0,3.63,,,,
games,llama3.2:3b/few-shot-random,1,-0.050000000000000044,1.0,0.5,0.5333333333333333,1.0,0.36363636363636365,1.0,55,0,3.89,,,,
games,llama3.2:3b/few-shot-random,2,-0.050000000000000044,1.0,0.5,0.6969696969696969,1.0,0.5348837209302325,1.0,43,0,3.69,,,,
games,llama3.2:3b/few-shot-random,3,-0.025000000000000043,5.0,0.52,0.5555555555555556,5.0,0.38461538461538464,1.0,40,0,3.87,,,,
games,llama3.2:3b/few-shot-similar,1,-0.031818181818181863,5.0,0.5142857142857142,0.5405405405405406,5.0,0.37037037037037035,1.0,55,0,5.52,,,,
games,llama3.2:3b/few-shot-similar,2,-0.026744186046511673,5.0,0.525,0.7076923076923077,5.0,0.5476190476190477,1.0,43,0,5.32,,,,
games,llama3.2:3b/few-shot-similar,3,-0.025000000000000043,5.0,0.52,0.5555555555555556,5.0,0.38461538461538464,1.0,40,0,5.35,,,,
games,llama3.2:3b/zero-shot,1,-0.031818181818181863,3.0,0.5928571428571429,0.5454545454545454,5.0,0.42857142857142855,0.75,55,0,3.83,,,,
games,llama3.2:3b/zero-shot,2,-0.003488372093023301,3.0,0.5021739130434782,0.71875,3.0,0.5609756097560976,1.0,43,0,3.54,,,,
games,llama3.2:3b/zero-shot,3,-0.050000000000000044,1.0,0.6920000000000001,0.6666666666666667,5.0,0.5185185185185185,0.9333333333333333,40,0,3.53,,,,
games,qwen2.5:3b/few-shot-random,1,-0.050000000000000044,1.0,0.49785714285714283,0.5333333333333333,1.0,0.36363636363636365,1.0,55,0,3.59,,,,
games,qwen2.5:3b/few-shot-random,2,-0.026744186046511673,4.0,0.5728260869565217,0.7076923076923077,4.0,0.5476190476190477,1.0,43,0,3.48,,,,
games,qwen2.5:3b/few-shot-random,3,-0.025000000000000043,4.0,0.532,0.5555555555555556,4.0,0.38461538461538464,1.0,40,0,3.68,,,,
games,qwen2.5:3b/few-shot-similar,1,0.02272727272727268,4.0,0.6478571428571429,0.5633802816901409,4.0,0.39215686274509803,1.0,55,0,5.24,,,,
games,qwen2.5:3b/few-shot-similar,2,-0.003488372093023301,4.0,0.5576086956521739,0.71875,4.0,0.5609756097560976,1.0,43,0,5.08,,,,
games,qwen2.5:3b/few-shot-similar,3,-4.163336342344337e-17,4.0,0.548,0.5660377358490566,4.0,0.39473684210526316,1.0,40,0,4.88,,,,
games,qwen2.5:3b/zero-shot,1,0.004545454545454498,2.0,0.6885714285714286,0.608695652173913,5.0,0.5384615384615384,0.7,55,0,3.68,,,,
games,qwen2.5:3b/zero-shot,2,-0.003488372093023301,2.0,0.5510869565217391,0.71875,2.0,0.5609756097560976,1.0,43,0,3.36,,,,
games,qwen2.5:3b/zero-shot,3,-0.025000000000000043,3.0,0.6426666666666667,0.5882352941176471,5.0,0.5263157894736842,0.6666666666666666,40,0,3.48,,,,
illiterate,gemma2:2b/few-shot-random,1,-0.020588235294117692,3.0,0.5172413793103448,0.2631578947368421,3.0,0.15151515151515152,1.0,34,0,4.06,,,,
illiterate,gemma2:2b/few-shot-random,2,-0.007446808510638343,3.0,0.5263157894736843,0.33333333333333337,3.0,0.2,1.0,47,0,4.07,,,,
illiterate,gemma2:2b/few-shot-random,3,-0.050000000000000044,1.0,0.5,0.20512820512820512,1.0,0.11428571428571428,1.0,35,0,4.01,,,,
illiterate,gemma2:2b/few-shot-similar,1,-0.020588235294117692,3.0,0.5172413793103448,0.2631578947368421,3.0,0.15151515151515152,1.0,34,0,4.2,,,,
illiterate,gemma2:2b/few-shot-similar,2,-0.028723404255319194,5.0,0.513157894736842,0.32727272727272727,5.0,0.1956521739130435,1.0,47,0,4.2,,,,
illiterate,gemma2:2b/few-shot-similar,3,0.007142857142857097,3.0,0.532258064516129,0.21621621621621626,3.0,0.12121212121212122,1.0,35,0,4.15,,,,
illiterate,gemma2:2b/zero-shot,1,0.5088235294117647,3.0,0.8275862068965517,0.5,3.0,0.3333333333333333,1.0,34,0,3.32,,,,
illiterate,gemma2:2b/zero-shot,2,-0.050000000000000044,1.0,0.7602339181286549,0.5161290322580644,3.0,0.36363636363636365,0.8888888888888888,47,0,2.85,,,,
illiterate,gemma2:2b/zero-shot,3,0.4642857142857142,3.0,0.7903225806451613,0.38095238095238093,3.0,0.23529411764705882,1.0,35,0,2.87,,,,
illiterate,llama3.2:3b/few-shot-random,1,0.21470588235294114,5.0,0.6551724137931034,0.33333333333333337,5.0,0.2,1.0,34,0,4.0,,,,
illiterate,llama3.2:3b/few-shot-random,2,0.14148936170212761,5.0,0.618421052631579,0.38297872340425526,5.0,0.23684210526315788,1.0,47,0,4.02,,,,
illiterate,llama3.2:3b/few-shot-random,3,0.03571428571428567,5.0,0.5483870967741935,0.2222222222222222,5.0,0.125,1.0,35,0,4.37,,,,
illiterate,llama3.2:3b/few-shot-random-k1,1,0.39117647058823524,5.0,0.7586206896551724,0.4166666666666667,5.0,0.2631578947368421,1.0,34,0,4.52,,,,
illiterate,llama3.2:3b/few-shot-random-k1,2,0.375531914893617,5.0,0.7631578947368421,0.5,5.0,0.3333333333333333,1.0,47,0,4.13,,,,
illiterate,llama3.2:3b/few-shot-random-k1,3,0.23571428571428565,5.0,0.6612903225806452,0.2758620689655173,5.0,0.16,1.0,35,0,4.48,,,,
illiterate,llama3.2:3b/few-shot-random-k4,1,0.12647058823529408,5.0,0.603448275862069,0.30303030303030304,5.0,0.17857142857142858,1.0,34,0,4.98,,,,
illiterate,llama3.2:3b/few-shot-random-k4,2,0.05638297872340421,5.0,0.5526315789473684,0.35294117647058826,5.0,0.21428571428571427,1.0,47,0,4.52,,,,
illiterate,llama3.2:3b/few-shot-random-k4,3,0.007142857142857097,5.0,0.532258064516129,0.21621621621621626,5.0,0.12121212121212122,1.0,35,0,4.53,,,,
illiterate,llama3.2:3b/few-shot-similar,1,0.03823529411764702,5.0,0.5517241379310345,0.27777777777777773,5.0,0.16129032258064516,1.0,34,0,5.93,,,,
illiterate,llama3.2:3b/few-shot-similar,2,0.07765957446808505,5.0,0.5789473684210527,0.36,5.0,0.21951219512195122,1.0,47,0,5.57,,,,
illiterate,llama3.2:3b/few-shot-similar,3,0.0928571428571428,5.0,0.5806451612903225,0.23529411764705882,5.0,0.13333333333333333,1.0,35,0,5.62,,,,
illiterate,llama3.2:3b/few-shot-similar-k1,1,0.21470588235294114,5.0,0.6551724137931034,0.33333333333333337,5.0,0.2,1.0,34,0,5.27,,,,
illiterate,llama3.2:3b/few-shot-similar-k1,2,0.20531914893617015,5.0,0.6578947368421053,0.40909090909090906,5.0,0.2571428571428571,1.0,47,0,4.94,,,,
illiterate,llama3.2:3b/few-shot-similar-k1,3,0.17857142857142852,5.0,0.6290322580645161,0.25806451612903225,5.0,0.14814814814814814,1.0,35,0,4.76,,,,
illiterate,llama3.2:3b/few-shot-similar-k4,1,0.06764705882352937,5.0,0.5689655172413793,0.2857142857142857,5.0,0.16666666666666666,1.0,34,0,8.78,,,,
illiterate,llama3.2:3b/few-shot-similar-k4,2,0.05638297872340421,5.0,0.5526315789473684,0.35294117647058826,5.0,0.21428571428571427,1.0,47,0,8.58,,,,
illiterate,llama3.2:3b/few-shot-similar-k4,3,0.12142857142857139,5.0,0.5967741935483871,0.2424242424242424,5.0,0.13793103448275862,1.0,35,0,8.67,,,,
illiterate,llama3.2:3b/zero-shot,1,0.538235294117647,5.0,0.8448275862068966,0.5263157894736842,5.0,0.35714285714285715,1.0,34,0,5.3,,,,
illiterate,llama3.2:3b/zero-shot,2,0.31170212765957445,3.0,0.8640350877192983,0.64,5.0,0.5,0.8888888888888888,47,0,3.73,,,,
illiterate,llama3.2:3b/zero-shot,3,0.6071428571428571,5.0,0.8709677419354839,0.5,5.0,0.3333333333333333,1.0,35,0,3.73,,,,
illiterate,qwen2.5:3b/few-shot-random,1,-0.020588235294117692,4.0,0.7965517241379312,0.6666666666666665,5.0,0.75,0.6,34,0,2.87,,,,
illiterate,qwen2.5:3b/few-shot-random,2,0.03510638297872336,4.0,0.7426900584795322,0.5714285714285714,5.0,0.8,0.4444444444444444,47,0,2.88,,,,
illiterate,qwen2.5:3b/few-shot-random,3,-0.050000000000000044,1.0,0.8346774193548387,0.6666666666666665,7.0,0.6,0.75,35,0,2.9,,,,
illiterate,qwen2.5:3b/few-shot-random-k1,1,0.7735294117647058,5.0,0.9862068965517242,0.9090909090909091,5.0,0.8333333333333334,1.0,34,0,3.17,,,,
illiterate,qwen2.5:3b/few-shot-random-k1,2,-0.028723404255319194,3.0,0.7923976608187134,0.6153846153846153,5.0,1.0,0.4444444444444444,47,0,2.87,,,,
illiterate,qwen2.5:3b/few-shot-random-k1,3,0.26428571428571423,4.0,0.8951612903225806,0.6666666666666665,5.0,0.6,0.75,35,0,2.75,,,,
illiterate,qwen2.5:3b/few-shot-random-k4,1,-0.050000000000000044,1.0,0.5724137931034483,0.33333333333333337,7.0,1.0,0.2,34,0,3.4,,,,
illiterate,qwen2.5:3b/few-shot-random-k4,2,0.03510638297872336,4.0,0.7514619883040936,0.6153846153846153,5.0,1.0,0.4444444444444444,47,0,3.15,,,,
illiterate,qwen2.5:3b/few-shot-random-k4,3,-0.021428571428571474,4.0,0.7580645161290323,0.6666666666666666,5.0,1.0,0.5,35,0,2.92,,,,
illiterate,qwen2.5:3b/few-shot-similar,1,-0.020588235294117692,4.0,0.8517241379310345,0.6666666666666665,7.0,0.75,0.6,34,0,4.46,,,,
illiterate,qwen2.5:3b/few-shot-similar,2,-0.007446808510638343,4.0,0.8538011695906432,0.7368421052631577,6.0,0.7,0.7777777777777778,47,0,4.25,,,,
illiterate,qwen2.5:3b/few-shot-similar,3,0.7214285714285714,5.0,0.935483870967742,0.6666666666666666,5.0,0.5,1.0,35,0,4.15,,,,
illiterate,qwen2.5:3b/few-shot-similar-k1,1,0.7147058823529411,5.0,0.9586206896551724,0.7692307692307693,5.0,0.625,1.0,34,0,3.76,,,,
illiterate,qwen2.5:3b/few-shot-similar-k1,2,-0.028723404255319194,3.0,0.8479532163742689,0.7777777777777778,5.0,0.7777777777777778,0.7777777777777778,47,0,3.47,,,,
illiterate,qwen2.5:3b/few-shot-similar-k1,3,0.20714285714285707,4.0,0.8508064516129032,0.5,5.0,0.375,0.75,35,0,3.38,,,,
illiterate,qwen2.5:3b/few-shot-similar-k4,1,0.00882352941176466,4.0,0.8758620689655172,0.7272727272727272,5.0,0.6666666666666666,0.8,34,0,6.6,,,,
illiterate,qwen2.5:3b/few-shot-similar-k4,2,-0.050000000000000044,1.0,0.7894736842105262,0.6666666666666666,5.0,0.6666666666666666,0.6666666666666666,47,0,6.35,,,,
illiterate,qwen2.5:3b/few-shot-similar-k4,3,0.007142857142857097,4.0,0.8588709677419354,0.75,7.0,0.75,0.75,35,0,6.15,,,,
illiterate,qwen2.5:3b/zero-shot,1,0.2441176470588235,3.0,0.8931034482758621,0.7499999999999999,5.0,1.0,0.6,34,0,3.18,,,,
illiterate,qwen2.5:3b/zero-shot,2,0.24787234042553186,3.0,0.8362573099415204,0.6153846153846153,5.0,1.0,0.4444444444444444,47,0,2.82,,,,
illiterate,qwen2.5:3b/zero-shot,3,0.20714285714285707,3.0,0.8508064516129032,0.75,5.0,0.75,0.75,35,0,2.65,,,,
mdwe,gemma2:2b/few-shot-random,1,0.029999999999999957,3.0,0.5666666666666667,0.6060606060606061,3.0,0.43478260869565216,1.0,25,0,4.58,,,,
mdwe,gemma2:2b/few-shot-random,2,0.00882352941176466,3.0,0.5555555555555556,0.6666666666666666,3.0,0.5,1.0,17,0,4.46,,,,
mdwe,gemma2:2b/few-shot-random,3,-4.163336342344337e-17,6.0,0.5384615384615384,0.5384615384615384,6.0,0.3684210526315789,1.0,20,0,4.77,,,,
mdwe,gemma2:2b/few-shot-similar,1,-0.050000000000000044,1.0,0.5,0.5714285714285715,1.0,0.4,1.0,25,0,4.93,,,,
mdwe,gemma2:2b/few-shot-similar,2,-0.050000000000000044,1.0,0.5,0.6399999999999999,1.0,0.47058823529411764,1.0,17,0,4.99,,,,
mdwe,gemma2:2b/few-shot-similar,3,-0.050000000000000044,1.0,0.5,0.5185185185185185,1.0,0.35,1.0,20,0,4.97,,,,
mdwe,gemma2:2b/zero-shot,1,0.14999999999999997,4.0,0.6666666666666667,0.6666666666666666,4.0,0.5,1.0,25,0,3.67,,,,
mdwe,gemma2:2b/zero-shot,2,0.12647058823529408,3.0,0.6666666666666667,0.7272727272727273,3.0,0.5714285714285714,1.0,17,0,3.5,,,,
mdwe,gemma2:2b/zero-shot,3,0.14999999999999997,3.0,0.6538461538461539,0.6086956521739131,3.0,0.4375,1.0,20,0,3.41,,,,
mdwe,llama3.2:3b/few-shot-random,1,0.06999999999999995,5.0,0.6,0.625,5.0,0.45454545454545453,1.0,25,0,10.66,,,,
mdwe,llama3.2:3b/few-shot-random,2,-0.050000000000000044,1.0,0.5,0.6399999999999999,1.0,0.47058823529411764,1.0,17,0,7.46,,,,
mdwe,llama3.2:3b/few-shot-random,3,0.14999999999999997,5.0,0.6538461538461539,0.6086956521739131,5.0,0.4375,1.0,20,0,8.66,,,,
mdwe,llama3.2:3b/few-shot-similar,1,-0.010000000000000044,5.0,0.5333333333333333,0.5882352941176471,5.0,0.4166666666666667,1.0,25,0,6.47,,,,
mdwe,llama3.2:3b/few-shot-similar,2,-0.050000000000000044,1.0,0.5,0.6399999999999999,1.0,0.47058823529411764,1.0,17,0,6.61,,,,
mdwe,llama3.2:3b/few-shot-similar,3,0.04999999999999996,5.0,0.5769230769230769,0.56,5.0,0.3888888888888889,1.0,20,0,6.7,,,,
mdwe,llama3.2:3b/zero-shot,1,0.14999999999999997,3.0,0.6666666666666666,0.6666666666666666,3.0,0.5,1.0,25,0,5.19,,,,
mdwe,llama3.2:3b/zero-shot,2,0.00882352941176466,3.0,0.7222222222222222,0.7368421052631579,5.0,0.6363636363636364,0.875,17,0,9.26,,,,
mdwe,llama3.2:3b/zero-shot,3,0.35,5.0,0.8076923076923077,0.7368421052631579,5.0,0.5833333333333334,1.0,20,0,13.41,,,,
mdwe,qwen2.5:3b/few-shot-random,1,-0.010000000000000044,4.0,0.75,0.7,5.0,0.7,0.7,25,0,3.29,,,,
mdwe,qwen2.5:3b/few-shot-random,2,-0.050000000000000044,1.0,0.763888888888889,0.75,5.0,0.75,0.75,17,0,3.53,,,,
mdwe,qwen2.5:3b/few-shot-random,3,0.29999999999999993,6.0,0.7692307692307692,0.7000000000000001,6.0,0.5384615384615384,1.0,20,0,3.5,,,,
mdwe,qwen2.5:3b/few-shot-similar,1,-0.010000000000000044,4.0,0.66,0.6363636363636365,5.0,0.5833333333333334,0.7,25,0,4.85,,,,
mdwe,qwen2.5:3b/few-shot-similar,2,0.00882352941176466,4.0,0.5347222222222222,0.6666666666666666,4.0,0.5,1.0,17,0,5.06,,,,
mdwe,qwen2.5:3b/few-shot-similar,3,0.5,5.0,0.9340659340659341,0.8750000000000001,5.0,0.7777777777777778,1.0,20,0,4.76,,,,
mdwe,qwen2.5:3b/zero-shot,1,0.10999999999999996,2.0,0.6966666666666667,0.6451612903225806,2.0,0.47619047619047616,1.0,25,0,3.59,,,,
mdwe,qwen2.5:3b/zero-shot,2,0.06764705882352937,2.0,0.8472222222222222,0.7692307692307693,6.0,1.0,0.625,17,0,3.35,,,,
mdwe,qwen2.5:3b/zero-shot,3,0.29999999999999993,4.0,0.9285714285714286,0.8571428571428571,5.0,0.8571428571428571,0.8571428571428571,20,0,3.18,,,,
ontologies,gemma2:2b/few-shot-random,1,-0.018750000000000044,3.0,0.5185185185185186,0.27777777777777773,3.0,0.16129032258064516,1.0,32,0,3.89,,,,
ontologies,gemma2:2b/few-shot-random,2,-0.050000000000000044,1.0,0.5,0.19999999999999998,1.0,0.1111111111111111,1.0,63,0,4.17,,,,
ontologies,gemma2:2b/few-shot-random,3,0.004545454545454498,3.0,0.5288461538461539,0.1090909090909091,3.0,0.057692307692307696,1.0,55,0,4.02,,,,
ontologies,gemma2:2b/few-shot-similar,1,-0.018750000000000044,3.0,0.5185185185185186,0.27777777777777773,3.0,0.16129032258064516,1.0,32,0,4.29,,,,
ontologies,gemma2:2b/few-shot-similar,2,-0.050000000000000044,1.0,0.5,0.19999999999999998,1.0,0.1111111111111111,1.0,63,0,4.3,,,,
ontologies,gemma2:2b/few-shot-similar,3,-0.031818181818181863,3.0,0.5096153846153846,0.10526315789473684,3.0,0.05555555555555555,1.0,55,0,4.33,,,,
ontologies,gemma2:2b/zero-shot,1,-0.050000000000000044,1.0,0.6518518518518519,0.3636363636363636,5.0,0.23529411764705882,0.8,32,0,3.56,,,,
ontologies,gemma2:2b/zero-shot,2,-0.050000000000000044,1.0,0.7040816326530612,0.3157894736842105,4.0,0.1935483870967742,0.8571428571428571,63,0,2.94,,,,
ontologies,gemma2:2b/zero-shot,3,0.6227272727272727,5.0,0.8557692307692307,0.2857142857142857,5.0,0.16666666666666666,1.0,55,0,2.98,,,,
ontologies,llama3.2:3b/few-shot-random,1,0.043749999999999956,5.0,0.5555555555555556,0.29411764705882354,5.0,0.1724137931034483,1.0,32,0,4.46,,,,
ontologies,llama3.2:3b/few-shot-random,2,0.07698412698412693,5.0,0.5714285714285715,0.22580645161290322,5.0,0.12727272727272726,1.0,63,0,4.5,,,,
ontologies,llama3.2:3b/few-shot-random,3,0.0954545454545454,5.0,0.5769230769230769,0.12,5.0,0.06382978723404255,1.0,55,0,4.63,,,,
ontologies,llama3.2:3b/few-shot-similar,1,-0.050000000000000044,1.0,0.5,0.2702702702702703,1.0,0.15625,1.0,32,0,6.27,,,,
ontologies,llama3.2:3b/few-shot-similar,2,-0.03412698412698417,5.0,0.5089285714285714,0.2028985507246377,5.0,0.11290322580645161,1.0,63,0,6.06,,,,
ontologies,llama3.2:3b/few-shot-similar,3,0.04090909090909087,5.0,0.548076923076923,0.11320754716981131,5.0,0.06,1.0,55,0,5.94,,,,
ontologies,llama3.2:3b/zero-shot,1,-0.050000000000000044,1.0,0.562962962962963,0.3076923076923077,5.0,0.19047619047619047,0.8,32,0,4.35,,,,
ontologies,llama3.2:3b/zero-shot,2,0.2039682539682539,3.0,0.6568877551020409,0.25925925925925924,3.0,0.14893617021276595,1.0,63,0,4.04,,,,
ontologies,llama3.2:3b/zero-shot,3,0.14999999999999997,3.0,0.6858974358974359,0.16666666666666666,5.0,0.09523809523809523,0.6666666666666666,55,0,3.95,,,,
ontologies,qwen2.5:3b/few-shot-random,1,-0.050000000000000044,1.0,0.9,0.888888888888889,5.0,1.0,0.8,32,0,2.95,,,,
ontologies,qwen2.5:3b/few-shot-random,2,-0.050000000000000044,1.0,0.465561224489796,0.25,7.0,1.0,0.14285714285714285,63,0,3.01,,,,
ontologies,qwen2.5:3b/few-shot-random,3,0.004545454545454498,4.0,0.7756410256410255,0.36363636363636365,6.0,0.25,0.6666666666666666,55,0,2.91,,,,
ontologies,qwen2.5:3b/few-shot-similar,1,0.012499999999999956,4.0,0.8925925925925925,0.8000000000000002,5.0,0.8,0.8,32,0,4.58,,,,
ontologies,qwen2.5:3b/few-shot-similar,2,0.013492063492063444,4.0,0.5433673469387754,0.21212121212121215,4.0,0.11864406779661017,1.0,63,0,4.35,,,,
ontologies,qwen2.5:3b/few-shot-similar,3,-0.031818181818181863,4.0,0.8173076923076922,0.8,7.0,1.0,0.6666666666666666,55,0,4.24,,,,
ontologies,qwen2.5:3b/zero-shot,1,-0.050000000000000044,1.0,0.8148148148148149,0.8000000000000002,5.0,0.8,0.8,32,0,3.23,,,,
ontologies,qwen2.5:3b/zero-shot,2,0.28333333333333327,2.0,0.7193877551020409,0.30303030303030304,4.0,0.19230769230769232,0.7142857142857143,63,0,2.92,,,,
ontologies,qwen2.5:3b/zero-shot,3,0.2954545454545454,3.0,0.8205128205128205,0.4444444444444444,5.0,0.3333333333333333,0.6666666666666666,55,0,2.78,,,,
pair,gemma2:2b/few-shot-random,1,0.0981481481481481,3.0,0.5794117647058824,0.6060606060606061,3.0,0.43478260869565216,1.0,27,0,4.02,,,,
pair,gemma2:2b/few-shot-random,2,-0.014285714285714332,3.0,0.48538011695906436,0.5,3.0,0.3333333333333333,1.0,56,0,4.01,,,,
pair,gemma2:2b/few-shot-random,3,0.05638297872340421,3.0,0.578125,0.5263157894736842,3.0,0.35714285714285715,1.0,47,0,3.93,,,,
pair,gemma2:2b/few-shot-similar,1,-0.01296296296296301,3.0,0.5294117647058824,0.5555555555555556,3.0,0.38461538461538464,1.0,27,0,4.1,,,,
pair,gemma2:2b/few-shot-similar,2,-0.03214285714285719,3.0,0.49853801169590645,0.4931506849315069,3.0,0.32727272727272727,1.0,56,0,4.1,,,,
pair,gemma2:2b/few-shot-similar,3,-0.028723404255319194,6.0,0.515625,0.4918032786885246,6.0,0.32608695652173914,1.0,47,0,4.01,,,,
pair,gemma2:2b/zero-shot,1,-0.050000000000000044,1.0,0.6411764705882352,0.5714285714285713,4.0,0.5454545454545454,0.6,27,0,3.33,,,,
pair,gemma2:2b/zero-shot,2,-0.050000000000000044,1.0,0.7112573099415205,0.6222222222222222,3.0,0.5185185185185185,0.7777777777777778,56,0,2.73,,,,
pair,gemma2:2b/zero-shot,3,-0.050000000000000044,1.0,0.7666666666666667,0.6470588235294117,6.0,0.5789473684210527,0.7333333333333333,47,0,2.79,,,,
pair,llama3.2:3b/few-shot-random,1,-0.050000000000000044,1.0,0.6264705882352941,0.6,5.0,0.45,0.9,27,0,4.2,,,,
pair,llama3.2:3b/few-shot-random,2,-0.050000000000000044,1.0,0.7090643274853802,0.6181818181818182,5.0,0.4594594594594595,0.9444444444444444,56,0,4.24,,,,
pair,llama3.2:3b/few-shot-random,3,0.03510638297872336,5.0,0.5625,0.5172413793103449,5.0,0.3488372093023256,1.0,47,0,3.98,,,,
pair,llama3.2:3b/few-shot-similar,1,0.13518518518518513,5.0,0.6470588235294117,0.625,5.0,0.45454545454545453,1.0,27,0,6.26,,,,
pair,llama3.2:3b/few-shot-similar,2,0.07499999999999996,5.0,0.5921052631578947,0.5373134328358209,5.0,0.3673469387755102,1.0,56,0,5.77,,,,
pair,llama3.2:3b/few-shot-similar,3,-0.028723404255319194,5.0,0.48333333333333334,0.4918032786885246,5.0,0.32608695652173914,1.0,47,0,5.55,,,,
pair,llama3.2:3b/zero-shot,1,0.13518518518518513,3.0,0.7352941176470589,0.625,3.0,0.45454545454545453,1.0,27,0,4.2,,,,
pair,llama3.2:3b/zero-shot,2,0.2178571428571428,3.0,0.743421052631579,0.6101694915254238,3.0,0.43902439024390244,1.0,56,0,3.79,,,,
pair,llama3.2:3b/zero-shot,3,0.05638297872340421,3.0,0.678125,0.5263157894736842,3.0,0.35714285714285715,1.0,47,0,3.7,,,,
pair,qwen2.5:3b/few-shot-random,1,-0.050000000000000044,1.0,0.6529411764705881,0.5405405405405406,1.0,0.37037037037037035,1.0,27,0,3.15,,,,
pair,qwen2.5:3b/few-shot-random,2,-0.014285714285714332,4.0,0.6732456140350876,0.5,4.0,0.3333333333333333,1.0,56,0,3.05,,,,
pair,qwen2.5:3b/few-shot-random,3,-0.028723404255319194,4.0,0.7447916666666666,0.5882352941176471,5.0,0.5263157894736842,0.6666666666666666,47,0,3.06,,,,
pair,qwen2.5:3b/few-shot-similar,1,0.06111111111111106,4.0,0.638235294117647,0.5882352941176471,4.0,0.4166666666666667,1.0,27,0,4.83,,,,
pair,qwen2.5:3b/few-shot-similar,2,-0.014285714285714332,4.0,0.7733918128654972,0.65,5.0,0.5909090909090909,0.7222222222222222,56,0,4.61,,,,
pair,qwen2.5:3b/few-shot-similar,3,-0.028723404255319194,4.0,0.7104166666666666,0.5882352941176471,5.0,0.5263157894736842,0.6666666666666666,47,0,4.31,,,,
pair,qwen2.5:3b/zero-shot,1,0.0981481481481481,2.0,0.7264705882352942,0.6666666666666667,4.0,0.5294117647058824,0.9,27,0,3.37,,,,
pair,qwen2.5:3b/zero-shot,2,0.14642857142857138,3.0,0.7858187134502924,0.6222222222222222,4.0,0.5185185185185185,0.7777777777777778,56,0,2.84,,,,
pair,qwen2.5:3b/zero-shot,3,0.4393617021276595,4.0,0.8583333333333334,0.7692307692307693,4.0,0.625,1.0,47,0,2.82,,,,
slr,gemma2:2b/few-shot-random,1,-0.050000000000000044,1.0,0.5,0.7692307692307693,1.0,0.625,1.0,8,0,4.18,,,,
slr,gemma2:2b/few-shot-random,2,-0.050000000000000044,1.0,0.5,0.7777777777777778,1.0,0.6363636363636364,1.0,11,0,4.16,,,,
slr,gemma2:2b/few-shot-random,3,-0.050000000000000044,1.0,0.5,0.6666666666666666,1.0,0.5,1.0,8,0,5.29,,,,
slr,gemma2:2b/few-shot-similar,1,-0.050000000000000044,1.0,0.5,0.7692307692307693,1.0,0.625,1.0,8,0,5.72,,,,
slr,gemma2:2b/few-shot-similar,2,-0.050000000000000044,1.0,0.5,0.7777777777777778,1.0,0.6363636363636364,1.0,11,0,5.7,,,,
slr,gemma2:2b/few-shot-similar,3,-0.050000000000000044,1.0,0.5,0.6666666666666666,1.0,0.5,1.0,8,0,6.02,,,,
slr,gemma2:2b/zero-shot,1,-0.050000000000000044,1.0,0.5,0.7692307692307693,1.0,0.625,1.0,8,0,6.24,,,,
slr,gemma2:2b/zero-shot,2,-0.050000000000000044,1.0,0.6785714285714286,0.7999999999999999,3.0,0.75,0.8571428571428571,11,0,3.41,,,,
slr,gemma2:2b/zero-shot,3,0.19999999999999996,3.0,0.75,0.8,3.0,0.6666666666666666,1.0,8,0,2.98,,,,
slr,llama3.2:3b/few-shot-random,1,-0.050000000000000044,1.0,0.5,0.7692307692307693,1.0,0.625,1.0,8,0,3.48,,,,
slr,llama3.2:3b/few-shot-random,2,-0.050000000000000044,1.0,0.5,0.7777777777777778,1.0,0.6363636363636364,1.0,11,0,7.43,,,,
slr,llama3.2:3b/few-shot-random,3,-0.050000000000000044,1.0,0.5,0.6666666666666666,1.0,0.5,1.0,8,0,9.41,,,,
slr,llama3.2:3b/few-shot-random-k1,1,-0.050000000000000044,1.0,0.5,0.7692307692307693,1.0,0.625,1.0,8,0,5.02,,,,
slr,llama3.2:3b/few-shot-random-k1,2,-0.050000000000000044,1.0,0.5,0.7777777777777778,1.0,0.6363636363636364,1.0,11,0,3.85,,,,
slr,llama3.2:3b/few-shot-random-k1,3,-0.050000000000000044,1.0,0.5,0.6666666666666666,1.0,0.5,1.0,8,0,4.57,,,,
slr,llama3.2:3b/few-shot-random-k4,1,-0.050000000000000044,1.0,0.5,0.7692307692307693,1.0,0.625,1.0,8,0,6.75,,,,
slr,llama3.2:3b/few-shot-random-k4,2,-0.050000000000000044,1.0,0.5,0.7777777777777778,1.0,0.6363636363636364,1.0,11,0,4.77,,,,
slr,llama3.2:3b/few-shot-random-k4,3,-0.050000000000000044,1.0,0.5,0.6666666666666666,1.0,0.5,1.0,8,0,4.5,,,,
slr,llama3.2:3b/few-shot-similar,1,-0.050000000000000044,1.0,0.5,0.7692307692307693,1.0,0.625,1.0,8,0,5.2,,,,
slr,llama3.2:3b/few-shot-similar,2,-0.050000000000000044,1.0,0.5,0.7777777777777778,1.0,0.6363636363636364,1.0,11,0,10.04,,,,
slr,llama3.2:3b/few-shot-similar,3,-0.050000000000000044,1.0,0.5,0.6666666666666666,1.0,0.5,1.0,8,0,6.02,,,,
slr,llama3.2:3b/few-shot-similar-k1,1,-0.050000000000000044,1.0,0.5,0.7692307692307693,1.0,0.625,1.0,8,0,4.74,,,,
slr,llama3.2:3b/few-shot-similar-k1,2,-0.050000000000000044,1.0,0.5,0.7777777777777778,1.0,0.6363636363636364,1.0,11,0,4.96,,,,
slr,llama3.2:3b/few-shot-similar-k1,3,-0.050000000000000044,1.0,0.5,0.6666666666666666,1.0,0.5,1.0,8,0,5.53,,,,
slr,llama3.2:3b/few-shot-similar-k4,1,-0.050000000000000044,1.0,0.5,0.7692307692307693,1.0,0.625,1.0,8,0,8.32,,,,
slr,llama3.2:3b/few-shot-similar-k4,2,-0.050000000000000044,1.0,0.5,0.7777777777777778,1.0,0.6363636363636364,1.0,11,0,8.04,,,,
slr,llama3.2:3b/few-shot-similar-k4,3,-0.050000000000000044,1.0,0.5,0.6666666666666666,1.0,0.5,1.0,8,0,7.17,,,,
slr,llama3.2:3b/zero-shot,1,0.07499999999999996,5.0,0.6666666666666667,0.8333333333333333,5.0,0.7142857142857143,1.0,8,0,5.18,,,,
slr,llama3.2:3b/zero-shot,2,-0.050000000000000044,1.0,0.6785714285714286,0.7999999999999999,5.0,0.75,0.8571428571428571,11,0,4.32,,,,
slr,llama3.2:3b/zero-shot,3,0.32499999999999996,5.0,0.875,0.888888888888889,5.0,0.8,1.0,8,0,4.32,,,,
slr,qwen2.5:3b/few-shot-random,1,-0.050000000000000044,1.0,0.9,0.888888888888889,5.0,1.0,0.8,8,0,4.34,,,,
slr,qwen2.5:3b/few-shot-random,2,-0.050000000000000044,1.0,0.5892857142857143,0.7777777777777778,1.0,0.6363636363636364,1.0,11,0,4.16,,,,
slr,qwen2.5:3b/few-shot-random,3,-0.050000000000000044,1.0,0.4375,0.6666666666666666,1.0,0.5,1.0,8,0,4.51,,,,
slr,qwen2.5:3b/few-shot-random-k1,1,0.32499999999999996,5.0,1.0,1.0,5.0,1.0,1.0,8,0,5.06,,,,
slr,qwen2.5:3b/few-shot-random-k1,2,-0.050000000000000044,1.0,0.6785714285714286,0.7777777777777778,1.0,0.6363636363636364,1.0,11,0,3.33,,,,
slr,qwen2.5:3b/few-shot-random-k1,3,0.32499999999999996,5.0,0.875,0.888888888888889,5.0,0.8,1.0,8,0,3.47,,,,
slr,qwen2.5:3b/few-shot-random-k4,1,-0.050000000000000044,1.0,0.8,0.7692307692307693,1.0,0.625,1.0,8,0,4.74,,,,
slr,qwen2.5:3b/few-shot-random-k4,2,-0.050000000000000044,1.0,0.49999999999999994,0.7777777777777778,1.0,0.6363636363636364,1.0,11,0,3.28,,,,
slr,qwen2.5:3b/few-shot-random-k4,3,-0.050000000000000044,1.0,0.46875,0.6666666666666666,1.0,0.5,1.0,8,0,3.43,,,,
slr,qwen2.5:3b/few-shot-similar,1,-0.050000000000000044,1.0,0.9,0.888888888888889,5.0,1.0,0.8,8,0,5.82,,,,
slr,qwen2.5:3b/few-shot-similar,2,-0.050000000000000044,1.0,0.6964285714285714,0.7777777777777778,1.0,0.6363636363636364,1.0,11,0,5.46,,,,
slr,qwen2.5:3b/few-shot-similar,3,-0.050000000000000044,1.0,0.53125,0.6666666666666666,1.0,0.5,1.0,8,0,5.23,,,,
slr,qwen2.5:3b/few-shot-similar-k1,1,0.32499999999999996,5.0,1.0,1.0,5.0,1.0,1.0,8,0,3.93,,,,
slr,qwen2.5:3b/few-shot-similar-k1,2,0.04090909090909087,4.0,0.7678571428571429,0.8235294117647058,4.0,0.7,1.0,11,0,3.72,,,,
slr,qwen2.5:3b/few-shot-similar-k1,3,-0.050000000000000044,1.0,0.65625,0.6666666666666666,1.0,0.5,1.0,8,0,3.61,,,,
slr,qwen2.5:3b/few-shot-similar-k4,1,-0.050000000000000044,1.0,0.9,0.888888888888889,5.0,1.0,0.8,8,0,6.39,,,,
slr,qwen2.5:3b/few-shot-similar-k4,2,-0.050000000000000044,1.0,0.5178571428571428,0.7777777777777778,1.0,0.6363636363636364,1.0,11,0,6.41,,,,
slr,qwen2.5:3b/few-shot-similar-k4,3,-0.050000000000000044,1.0,0.625,0.6666666666666666,1.0,0.5,1.0,8,0,5.77,,,,
slr,qwen2.5:3b/zero-shot,1,0.32499999999999996,4.0,1.0,1.0,4.0,1.0,1.0,8,0,6.3,,,,
slr,qwen2.5:3b/zero-shot,2,-0.050000000000000044,1.0,0.6785714285714286,0.7777777777777778,1.0,0.6363636363636364,1.0,11,0,3.73,,,,
slr,qwen2.5:3b/zero-shot,3,-0.050000000000000044,1.0,0.78125,0.75,4.0,0.75,0.75,8,0,3.66,,,,
testing,gemma2:2b/few-shot-random,1,-0.050000000000000044,1.0,0.5,0.18604651162790695,1.0,0.10256410256410256,1.0,39,0,4.24,,,,
testing,gemma2:2b/few-shot-random,2,-0.026190476190476236,3.0,0.5125,0.09302325581395349,3.0,0.04878048780487805,1.0,42,0,4.14,,,,
testing,gemma2:2b/few-shot-random,3,0.00882352941176466,3.0,0.53125,0.11764705882352941,3.0,0.0625,1.0,51,0,4.16,,,,
testing,gemma2:2b/few-shot-similar,1,-0.050000000000000044,1.0,0.5,0.18604651162790695,1.0,0.10256410256410256,1.0,39,0,4.24,,,,
testing,gemma2:2b/few-shot-similar,2,-0.026190476190476236,3.0,0.5125,0.09302325581395349,3.0,0.04878048780487805,1.0,42,0,4.19,,,,
testing,gemma2:2b/few-shot-similar,3,0.028431372549019562,3.0,0.5416666666666667,0.12,3.0,0.06382978723404255,1.0,51,0,4.24,,,,
testing,gemma2:2b/zero-shot,1,0.5653846153846154,3.0,0.8428571428571429,0.4210526315789474,3.0,0.26666666666666666,1.0,39,0,3.46,,,,
testing,gemma2:2b/zero-shot,2,0.5214285714285714,5.0,0.7999999999999999,0.19999999999999998,5.0,0.1111111111111111,1.0,42,0,3.07,,,,
testing,gemma2:2b/zero-shot,3,0.45980392156862737,5.0,0.7708333333333333,0.21428571428571425,5.0,0.12,1.0,51,0,3.04,,,,
testing,llama3.2:3b/few-shot-random,1,0.12948717948717944,5.0,0.6,0.2222222222222222,5.0,0.125,1.0,39,0,6.26,,,,
testing,llama3.2:3b/few-shot-random,2,-0.050000000000000044,1.0,0.5,0.0909090909090909,1.0,0.047619047619047616,1.0,42,0,5.93,,,,
testing,llama3.2:3b/few-shot-random,3,0.12647058823529408,5.0,0.59375,0.13333333333333333,5.0,0.07142857142857142,1.0,51,0,5.9,,,,
testing,llama3.2:3b/few-shot-random-k1,1,0.18076923076923074,5.0,0.6285714285714286,0.23529411764705882,5.0,0.13333333333333333,1.0,39,0,4.89,,,,
testing,llama3.2:3b/few-shot-random-k1,2,-0.002380952380952428,5.0,0.525,0.09523809523809523,5.0,0.05,1.0,42,0,3.97,,,,
testing,llama3.2:3b/few-shot-random-k1,3,0.14607843137254897,5.0,0.6041666666666666,0.13636363636363635,5.0,0.07317073170731707,1.0,51,0,4.11,,,,
testing,llama3.2:3b/few-shot-random-k4,1,0.026923076923076883,5.0,0.5428571428571429,0.19999999999999998,5.0,0.1111111111111111,1.0,39,0,5.36,,,,
testing,llama3.2:3b/few-shot-random-k4,2,-0.026190476190476236,5.0,0.5125,0.09302325581395349,5.0,0.04878048780487805,1.0,42,0,4.59,,,,
testing,llama3.2:3b/few-shot-random-k4,3,0.18529411764705878,5.0,0.625,0.14285714285714288,5.0,0.07692307692307693,1.0,51,0,4.7,,,,
testing,llama3.2:3b/few-shot-similar,1,0.026923076923076883,5.0,0.5428571428571429,0.19999999999999998,5.0,0.1111111111111111,1.0,39,0,8.33,,,,
testing,llama3.2:3b/few-shot-similar,2,-0.050000000000000044,1.0,0.5,0.0909090909090909,1.0,0.047619047619047616,1.0,42,0,7.79,,,,
testing,llama3.2:3b/few-shot-similar,3,0.048039215686274464,5.0,0.5520833333333333,0.12244897959183672,5.0,0.06521739130434782,1.0,51,0,7.4,,,,
testing,llama3.2:3b/few-shot-similar-k1,1,0.07820512820512815,5.0,0.5714285714285714,0.21052631578947367,5.0,0.11764705882352941,1.0,39,0,4.86,,,,
testing,llama3.2:3b/few-shot-similar-k1,2,-0.026190476190476236,5.0,0.5125,0.09302325581395349,5.0,0.04878048780487805,1.0,42,0,4.88,,,,
testing,llama3.2:3b/few-shot-similar-k1,3,0.048039215686274464,5.0,0.5520833333333334,0.12244897959183672,5.0,0.06521739130434782,1.0,51,0,4.79,,,,
testing,llama3.2:3b/few-shot-similar-k4,1,0.052564102564102516,5.0,0.5571428571428572,0.20512820512820512,5.0,0.11428571428571428,1.0,39,0,7.84,,,,
testing,llama3.2:3b/few-shot-similar-k4,2,-0.050000000000000044,1.0,0.5,0.0909090909090909,1.0,0.047619047619047616,1.0,42,0,7.98,,,,
testing,llama3.2:3b/few-shot-similar-k4,3,-0.030392156862745143,3.0,0.38888888888888884,0.11320754716981131,3.0,0.06,1.0,51,0,7.77,,,,
testing,llama3.2:3b/zero-shot,1,0.4884615384615384,5.0,0.8,0.3636363636363636,5.0,0.2222222222222222,1.0,39,0,5.96,,,,
testing,llama3.2:3b/zero-shot,2,0.4261904761904761,5.0,0.75,0.16666666666666669,5.0,0.09090909090909091,1.0,42,0,5.44,,,,
testing,llama3.2:3b/zero-shot,3,0.5970588235294118,5.0,0.84375,0.2857142857142857,5.0,0.16666666666666666,1.0,51,0,5.19,,,,
testing,qwen2.5:3b/few-shot-random,1,-0.050000000000000044,1.0,0.8571428571428571,0.75,5.0,0.75,0.75,39,0,3.14,,,,
testing,qwen2.5:3b/few-shot-random,2,0.8785714285714286,5.0,0.9874999999999999,0.8,5.0,0.6666666666666666,1.0,42,0,2.88,,,,
testing,qwen2.5:3b/few-shot-random,3,-0.030392156862745143,4.0,0.579861111111111,0.18181818181818182,5.0,0.125,0.3333333333333333,51,0,2.87,,,,
testing,qwen2.5:3b/few-shot-random-k1,1,-0.024358974358974404,4.0,0.8642857142857142,0.75,5.0,0.75,0.75,39,0,3.32,,,,
testing,qwen2.5:3b/few-shot-random-k1,2,0.3071428571428571,4.0,0.8312499999999999,0.5,5.0,0.5,0.5,42,0,2.85,,,,
testing,qwen2.5:3b/few-shot-random-k1,3,0.18529411764705878,4.0,0.71875,0.28571428571428575,5.0,0.25,0.3333333333333333,51,0,2.84,,,,
testing,qwen2.5:3b/few-shot-random-k4,1,-0.050000000000000044,1.0,0.8714285714285714,0.8571428571428571,7.0,1.0,0.75,39,0,3.68,,,,
testing,qwen2.5:3b/few-shot-random-k4,2,-0.050000000000000044,1.0,0.5,0.0909090909090909,1.0,0.047619047619047616,1.0,42,0,3.06,,,,
testing,qwen2.5:3b/few-shot-random-k4,3,-0.050000000000000044,1.0,0.5,0.1111111111111111,1.0,0.058823529411764705,1.0,51,0,2.99,,,,
testing,qwen2.5:3b/few-shot-similar,1,0.0012820512820512359,4.0,0.7392857142857142,0.5714285714285715,6.0,0.6666666666666666,0.5,39,0,4.43,,,,
testing,qwen2.5:3b/few-shot-similar,2,-0.026190476190476236,4.0,0.7125,0.3333333333333333,5.0,0.25,0.5,42,0,4.26,,,,
testing,qwen2.5:3b/few-shot-similar,3,-0.050000000000000044,1.0,0.6145833333333333,0.4,7.0,0.5,0.3333333333333333,51,0,4.05,,,,
testing,qwen2.5:3b/few-shot-similar-k1,1,0.7961538461538461,6.0,0.9928571428571428,0.8571428571428571,7.0,1.0,0.75,39,0,3.72,,,,
testing,qwen2.5:3b/few-shot-similar-k1,2,-0.002380952380952428,3.0,0.5375,0.25,6.0,0.16666666666666666,0.5,42,0,3.52,,,,
testing,qwen2.5:3b/few-shot-similar-k1,3,-0.010784313725490241,3.0,0.6527777777777778,0.4,7.0,0.5,0.3333333333333333,51,0,3.51,,,,
testing,qwen2.5:3b/few-shot-similar-k4,1,-0.024358974358974404,4.0,0.7357142857142858,0.5714285714285715,6.0,0.6666666666666666,0.5,39,0,5.8,,,,
testing,qwen2.5:3b/few-shot-similar-k4,2,-0.002380952380952428,4.0,0.74375,0.5,6.0,0.5,0.5,42,0,5.69,,,,
testing,qwen2.5:3b/few-shot-similar-k4,3,-0.050000000000000044,1.0,0.4479166666666667,0.1111111111111111,1.0,0.058823529411764705,1.0,51,0,5.78,,,,
testing,qwen2.5:3b/zero-shot,1,0.4115384615384615,3.0,0.9178571428571428,0.75,5.0,0.75,0.75,39,0,3.2,,,,
testing,qwen2.5:3b/zero-shot,2,0.9023809523809523,5.0,1.0,1.0,5.0,1.0,1.0,42,0,2.79,,,,
testing,qwen2.5:3b/zero-shot,3,0.4401960784313725,4.0,0.8333333333333334,0.5,6.0,1.0,0.3333333333333333,51,0,2.8,,,,
xbi,gemma2:2b/few-shot-random,1,-0.02560975609756102,3.0,0.5151515151515151,0.33333333333333337,3.0,0.2,1.0,41,0,4.23,,,,
xbi,gemma2:2b/few-shot-random,2,-0.02014925373134333,3.0,0.5163934426229508,0.16901408450704225,3.0,0.09230769230769231,1.0,67,0,4.37,,,,
xbi,gemma2:2b/few-shot-random,3,-0.031818181818181863,3.0,0.5106382978723405,0.25806451612903225,3.0,0.14814814814814814,1.0,55,0,4.72,,,,
xbi,gemma2:2b/few-shot-similar,1,-0.02560975609756102,3.0,0.5151515151515151,0.33333333333333337,3.0,0.2,1.0,41,0,4.57,,,,
xbi,gemma2:2b/few-shot-similar,2,-0.02014925373134333,3.0,0.5163934426229508,0.16901408450704225,3.0,0.09230769230769231,1.0,67,0,4.63,,,,
xbi,gemma2:2b/few-shot-similar,3,-0.013636363636363683,3.0,0.5212765957446808,0.26229508196721313,3.0,0.1509433962264151,1.0,55,0,4.55,,,,
xbi,gemma2:2b/zero-shot,1,0.5109756097560976,5.0,0.8484848484848484,0.6153846153846153,5.0,0.4444444444444444,1.0,41,0,3.42,,,,
xbi,gemma2:2b/zero-shot,2,0.6813432835820895,4.0,0.9016393442622951,0.5,4.0,0.3333333333333333,1.0,67,0,3.07,,,,
xbi,gemma2:2b/zero-shot,3,-0.013636363636363683,2.0,0.5438829787234043,0.26229508196721313,2.0,0.1509433962264151,1.0,55,0,3.1,,,,
xbi,llama3.2:3b/few-shot-random,1,-0.001219512195121994,5.0,0.5303030303030303,0.3404255319148936,5.0,0.20512820512820512,1.0,41,0,4.72,,,,
xbi,llama3.2:3b/few-shot-random,2,-0.005223880597014972,5.0,0.5245901639344263,0.17142857142857143,5.0,0.09375,1.0,67,0,4.49,,,,
xbi,llama3.2:3b/few-shot-random,3,0.02272727272727268,5.0,0.5425531914893618,0.2711864406779661,5.0,0.1568627450980392,1.0,55,0,4.72,,,,
xbi,llama3.2:3b/few-shot-random-k1,1,0.16951219512195118,6.0,0.6363636363636364,0.4,6.0,0.25,1.0,41,0,4.64,,,,
xbi,llama3.2:3b/few-shot-random-k1,2,0.2485074626865671,5.0,0.6639344262295082,0.22641509433962262,5.0,0.1276595744680851,1.0,67,0,4.56,,,,
xbi,llama3.2:3b/few-shot-random-k1,3,0.25909090909090904,5.0,0.6808510638297872,0.34782608695652173,5.0,0.21052631578947367,1.0,55,0,4.42,,,,
xbi,llama3.2:3b/few-shot-random-k4,1,0.04756097560975606,6.0,0.5606060606060606,0.35555555555555557,6.0,0.21621621621621623,1.0,41,0,5.63,,,,
xbi,llama3.2:3b/few-shot-random-k4,2,0.2186567164179104,5.0,0.6475409836065573,0.2181818181818182,5.0,0.12244897959183673,1.0,67,0,4.96,,,,
xbi,llama3.2:3b/few-shot-random-k4,3,0.16818181818181813,5.0,0.6276595744680852,0.3137254901960785,5.0,0.18604651162790697,1.0,55,0,5.16,,,,
xbi,llama3.2:3b/few-shot-similar,1,-0.001219512195121994,5.0,0.5303030303030303,0.3404255319148936,5.0,0.20512820512820512,1.0,41,0,5.9,,,,
xbi,llama3.2:3b/few-shot-similar,2,0.08432835820895518,5.0,0.5737704918032787,0.1875,5.0,0.10344827586206896,1.0,67,0,6.14,,,,
xbi,llama3.2:3b/few-shot-similar,3,0.004545454545454498,5.0,0.5319148936170213,0.2666666666666667,5.0,0.15384615384615385,1.0,55,0,6.01,,,,
xbi,llama3.2:3b/few-shot-similar-k1,1,-0.001219512195121994,5.0,0.5303030303030303,0.3404255319148936,5.0,0.20512820512820512,1.0,41,0,4.94,,,,
xbi,llama3.2:3b/few-shot-similar-k1,2,0.06940298507462682,5.0,0.5655737704918034,0.18461538461538463,5.0,0.1016949152542373,1.0,67,0,4.91,,,,
xbi,llama3.2:3b/few-shot-similar-k1,3,0.004545454545454498,5.0,0.5319148936170213,0.2666666666666667,5.0,0.15384615384615385,1.0,55,0,4.88,,,,
xbi,llama3.2:3b/few-shot-similar-k4,1,-0.001219512195121994,5.0,0.5151515151515151,0.3404255319148936,5.0,0.20512820512820512,1.0,41,0,8.06,,,,
xbi,llama3.2:3b/few-shot-similar-k4,2,0.14402985074626862,5.0,0.6065573770491803,0.19999999999999998,5.0,0.1111111111111111,1.0,67,0,8.69,,,,
xbi,llama3.2:3b/few-shot-similar-k4,3,0.04090909090909087,5.0,0.5531914893617021,0.2758620689655173,5.0,0.16,1.0,55,0,8.29,,,,
xbi,llama3.2:3b/zero-shot,1,0.5353658536585365,5.0,0.8636363636363636,0.6399999999999999,5.0,0.47058823529411764,1.0,41,0,4.44,,,,
xbi,llama3.2:3b/zero-shot,2,0.6365671641791044,5.0,0.8770491803278688,0.4444444444444445,5.0,0.2857142857142857,1.0,67,0,3.88,,,,
xbi,llama3.2:3b/zero-shot,3,0.22272727272727266,3.0,0.7234042553191489,0.375,5.0,0.25,0.75,55,0,4.17,,,,
xbi,qwen2.5:3b/few-shot-random,1,0.6329268292682927,6.0,0.9299242424242423,0.761904761904762,6.0,0.6153846153846154,1.0,41,0,3.05,,,,
xbi,qwen2.5:3b/few-shot-random,2,0.6365671641791044,5.0,0.9467213114754099,0.6666666666666667,7.0,0.5555555555555556,0.8333333333333334,67,0,2.99,,,,
xbi,qwen2.5:3b/few-shot-random,3,-0.050000000000000044,1.0,0.5438829787234043,0.3333333333333333,5.0,0.5,0.25,55,0,3.11,,,,
xbi,qwen2.5:3b/few-shot-random-k1,1,0.5597560975609756,6.0,0.9090909090909091,0.6666666666666666,6.0,0.5,1.0,41,0,3.44,,,,
xbi,qwen2.5:3b/few-shot-random-k1,2,0.7410447761194029,6.0,0.9781420765027323,0.8,7.0,1.0,0.6666666666666666,67,0,3.02,,,,
xbi,qwen2.5:3b/few-shot-random-k1,3,-0.050000000000000044,1.0,0.4162234042553191,0.28571428571428575,5.0,0.3333333333333333,0.25,55,0,2.93,,,,
xbi,qwen2.5:3b/few-shot-random-k4,1,-0.050000000000000044,1.0,0.8901515151515151,0.7142857142857143,7.0,0.8333333333333334,0.625,41,0,3.46,,,,
xbi,qwen2.5:3b/few-shot-random-k4,2,0.7410447761194029,5.0,0.9562841530054644,0.6,5.0,0.42857142857142855,1.0,67,0,3.02,,,,
xbi,qwen2.5:3b/few-shot-random-k4,3,-0.050000000000000044,1.0,0.40691489361702127,0.25396825396825395,1.0,0.14545454545454545,1.0,55,0,3.18,,,,
xbi,qwen2.5:3b/few-shot-similar,1,-0.050000000000000044,1.0,0.5151515151515151,0.326530612244898,1.0,0.1951219512195122,1.0,41,0,4.27,,,,
xbi,qwen2.5:3b/few-shot-similar,2,0.009701492537313387,4.0,0.7377049180327869,0.3333333333333333,6.0,0.2222222222222222,0.6666666666666666,67,0,4.46,,,,
xbi,qwen2.5:3b/few-shot-similar,3,-0.050000000000000044,1.0,0.4375,0.25396825396825395,1.0,0.14545454545454545,1.0,55,0,4.4,,,,
xbi,qwen2.5:3b/few-shot-similar-k1,1,0.0963414634146341,4.0,0.7367424242424242,0.5,5.0,0.375,0.75,41,0,3.66,,,,
xbi,qwen2.5:3b/few-shot-similar-k1,2,0.6365671641791044,6.0,0.9016393442622951,0.4444444444444445,6.0,0.2857142857142857,1.0,67,0,3.6,,,,
xbi,qwen2.5:3b/few-shot-similar-k1,3,0.13181818181818178,4.0,0.5478723404255319,0.3018867924528302,4.0,0.17777777777777778,1.0,55,0,3.55,,,,
xbi,qwen2.5:3b/few-shot-similar-k4,1,-0.02560975609756102,4.0,0.5151515151515151,0.33333333333333337,4.0,0.2,1.0,41,0,5.95,,,,
xbi,qwen2.5:3b/few-shot-similar-k4,2,0.02462686567164174,4.0,0.6844262295081968,0.28571428571428575,5.0,0.2,0.5,67,0,6.37,,,,
xbi,qwen2.5:3b/few-shot-similar-k4,3,-0.050000000000000044,1.0,0.47739361702127664,0.25396825396825395,1.0,0.14545454545454545,1.0,55,0,6.02,,,,
xbi,qwen2.5:3b/zero-shot,1,0.6329268292682927,4.0,0.9621212121212122,0.761904761904762,4.0,0.6153846153846154,1.0,41,0,3.12,,,,
xbi,qwen2.5:3b/zero-shot,2,0.8604477611940298,5.0,1.0,1.0,5.0,1.0,1.0,67,0,2.78,,,,
xbi,qwen2.5:3b/zero-shot,3,-0.050000000000000044,1.0,0.699468085106383,0.5263157894736842,4.0,0.45454545454545453,0.625,55,0,2.85,,,,
games,svm-baseline,1,-0.031818181818181863,0.21561,0.33999999999999997,0.5333333333333333,0.211983,0.36363636363636365,1.0,55,0,,1.0,0.36363636363636365,0.0,0.0
games,svm-baseline,2,-0.050000000000000044,0.105598,0.49130434782608695,0.6969696969696969,0.105598,0.5348837209302325,1.0,43,0,,1.0,0.5348837209302325,0.0,0.0
games,svm-baseline,3,-0.050000000000000044,0.039028,0.56,0.5454545454545454,0.039028,0.375,1.0,40,0,,1.0,0.375,0.0,0.0
illiterate,svm-baseline,1,-0.050000000000000044,0.11242,0.7724137931034483,0.6,0.127027,0.6,0.6,34,0,,1.0,0.14705882352941177,0.0,0.0
illiterate,svm-baseline,2,-0.007446808510638343,0.023614,0.8859649122807017,0.75,0.856646,0.8571428571428571,0.6666666666666666,47,0,,1.0,0.2,0.0425531914893617,0.0
illiterate,svm-baseline,3,-0.050000000000000044,0.064089,0.7338709677419355,0.46153846153846156,0.892865,0.3333333333333333,0.75,35,0,,1.0,0.11428571428571428,0.0,0.0
mdwe,svm-baseline,1,-0.050000000000000044,0.011736,0.6266666666666667,0.64,0.853073,0.5333333333333333,0.8,25,0,,0.8,0.5,0.28,0.2
mdwe,svm-baseline,2,-0.050000000000000044,0.112124,0.6388888888888888,0.6399999999999999,0.112124,0.47058823529411764,1.0,17,0,,0.25,1.0,0.5294117647058824,0.75
mdwe,svm-baseline,3,-0.050000000000000044,0.039385,0.7582417582417582,0.6666666666666666,0.730383,0.8,0.5714285714285714,20,0,,0.5714285714285714,0.8,0.6,0.42857142857142855
ontologies,svm-baseline,1,-0.050000000000000044,0.028197,0.8592592592592592,0.7272727272727272,0.527108,0.6666666666666666,0.8,32,0,,1.0,0.15625,0.0,0.0
ontologies,svm-baseline,2,-0.050000000000000044,0.027957,0.5178571428571429,0.25,0.945029,1.0,0.14285714285714285,63,0,,1.0,0.1111111111111111,0.0,0.0
ontologies,svm-baseline,3,-0.050000000000000044,0.030271,0.7403846153846153,0.4,0.999991,0.5,0.3333333333333333,55,0,,1.0,0.05454545454545454,0.0,0.0
pair,svm-baseline,1,-0.050000000000000044,0.058408,0.6441176470588235,0.6363636363636365,0.553285,0.5833333333333334,0.7,27,0,,1.0,0.37037037037037035,0.0,0.0
pair,svm-baseline,2,-0.050000000000000044,0.019934,0.5847953216374269,0.5306122448979592,0.16049,0.41935483870967744,0.7222222222222222,56,0,,0.6666666666666666,0.4,0.35714285714285715,0.3333333333333333
pair,svm-baseline,3,-0.050000000000000044,0.136554,0.5416666666666666,0.48387096774193555,0.136554,0.3191489361702128,1.0,47,0,,1.0,0.3191489361702128,0.0,0.0
slr,svm-baseline,1,0.07499999999999996,0.062894,0.8666666666666667,0.888888888888889,0.868429,1.0,0.8,8,0,,0.8,0.8,0.25,0.2
slr,svm-baseline,2,0.04090909090909087,0.070037,0.6964285714285714,0.8235294117647058,0.070037,0.7,1.0,11,0,,0.7142857142857143,0.8333333333333334,0.2727272727272727,0.2857142857142857
slr,svm-baseline,3,0.07499999999999996,0.723351,0.5625,0.7272727272727273,0.723351,0.5714285714285714,1.0,8,0,,1.0,0.5,0.0,0.0
testing,svm-baseline,1,-0.050000000000000044,0.054132,0.8642857142857142,0.8571428571428571,0.967531,1.0,0.75,39,0,,1.0,0.10256410256410256,0.0,0.0
testing,svm-baseline,2,-0.050000000000000044,0.110468,0.4625,0.0909090909090909,0.110468,0.047619047619047616,1.0,42,0,,1.0,0.047619047619047616,0.0,0.0
testing,svm-baseline,3,-0.050000000000000044,0.032307,0.5833333333333333,0.2,0.805059,0.14285714285714285,0.3333333333333333,51,0,,1.0,0.058823529411764705,0.0,0.0
xbi,svm-baseline,1,0.7304878048780488,0.788215,0.9924242424242424,0.9411764705882353,0.788215,0.8888888888888888,1.0,41,0,,1.0,0.2222222222222222,0.12195121951219512,0.0
xbi,svm-baseline,2,0.6962686567164179,0.218688,0.8825136612021858,0.5217391304347826,0.218688,0.35294117647058826,1.0,67,0,,1.0,0.08955223880597014,0.0,0.0
xbi,svm-baseline,3,-0.050000000000000044,0.037762,0.7287234042553192,0.43478260869565216,0.873848,0.3333333333333333,0.625,55,0,,0.875,0.25,0.4727272727272727,0.125
